"filename", "language", "C", "Markdown", "Makefile", "Assembler file", "C++", "Python", "comment", "blank", "total"
"c:\Users\代凡\Documents\代码\system\lindorx\Makefile", "Makefile", 0, 0, 109, 0, 0, 0, 39, 33, 181
"c:\Users\代凡\Documents\代码\system\lindorx\README.md", "Markdown", 0, 3, 0, 0, 0, 0, 0, 0, 3
"c:\Users\代凡\Documents\代码\system\lindorx\app\start.c", "C", 6, 0, 0, 0, 0, 0, 2, 1, 9
"c:\Users\代凡\Documents\代码\system\lindorx\bin\makefile", "Makefile", 0, 0, 13, 0, 0, 0, 2, 4, 19
"c:\Users\代凡\Documents\代码\system\lindorx\boot\boot.asm", "Assembler file", 0, 0, 0, 77, 0, 0, 0, 16, 93
"c:\Users\代凡\Documents\代码\system\lindorx\boot\fun32.inc", "Assembler file", 0, 0, 0, 394, 0, 0, 0, 28, 422
"c:\Users\代凡\Documents\代码\system\lindorx\boot\head.asm", "Assembler file", 0, 0, 0, 320, 0, 0, 0, 25, 345
"c:\Users\代凡\Documents\代码\system\lindorx\boot\interrupt.inc", "Assembler file", 0, 0, 0, 281, 0, 0, 0, 46, 327
"c:\Users\代凡\Documents\代码\system\lindorx\boot\lk.c", "C", 59, 0, 0, 0, 0, 0, 7, 8, 74
"c:\Users\代凡\Documents\代码\system\lindorx\boot\macro.inc", "Assembler file", 0, 0, 0, 184, 0, 0, 0, 61, 245
"c:\Users\代凡\Documents\代码\system\lindorx\boot\makefile", "Makefile", 0, 0, 2, 0, 0, 0, 0, 1, 3
"c:\Users\代凡\Documents\代码\system\lindorx\boot\mlka.py", "Python", 0, 0, 0, 0, 0, 41, 1, 8, 50
"c:\Users\代凡\Documents\代码\system\lindorx\dev\int.c", "C", 326, 0, 0, 0, 0, 0, 55, 29, 410
"c:\Users\代凡\Documents\代码\system\lindorx\dev\lx.c", "C", 1796, 0, 0, 0, 0, 0, 307, 160, 2263
"c:\Users\代凡\Documents\代码\system\lindorx\dev\lxmem.c", "C", 17, 0, 0, 0, 0, 0, 1, 2, 20
"c:\Users\代凡\Documents\代码\system\lindorx\dev\lxstack.c", "C", 20, 0, 0, 0, 0, 0, 3, 2, 25
"c:\Users\代凡\Documents\代码\system\lindorx\dev\makefile", "Makefile", 0, 0, 5, 0, 0, 0, 1, 2, 8
"c:\Users\代凡\Documents\代码\system\lindorx\disasm\bootloder.asm", "Assembler file", 0, 0, 0, 1525, 0, 0, 0, 5, 1530
"c:\Users\代凡\Documents\代码\system\lindorx\disasm\kernel.asm", "Assembler file", 0, 0, 0, 69290, 0, 0, 0, 489, 69779
"c:\Users\代凡\Documents\代码\system\lindorx\disasm\makefile", "Makefile", 0, 0, 2, 0, 0, 0, 0, 0, 2
"c:\Users\代凡\Documents\代码\system\lindorx\include\_asm.h", "C++", 0, 0, 0, 0, 153, 0, 16, 23, 192
"c:\Users\代凡\Documents\代码\system\lindorx\include\cpu.h", "C++", 0, 0, 0, 0, 19, 0, 4, 4, 27
"c:\Users\代凡\Documents\代码\system\lindorx\include\disk.h", "C++", 0, 0, 0, 0, 3, 0, 1, 0, 4
"c:\Users\代凡\Documents\代码\system\lindorx\include\elf-em.h", "C++", 0, 0, 0, 0, 38, 0, 3, 2, 43
"c:\Users\代凡\Documents\代码\system\lindorx\include\elf32.h", "C++", 0, 0, 0, 0, 120, 0, 23, 19, 162
"c:\Users\代凡\Documents\代码\system\lindorx\include\errno.h", "C++", 0, 0, 0, 0, 6, 0, 1, 1, 8
"c:\Users\代凡\Documents\代码\system\lindorx\include\file.h", "C++", 0, 0, 0, 0, 20, 0, 2, 3, 25
"c:\Users\代凡\Documents\代码\system\lindorx\include\fs\glovar.h", "C++", 0, 0, 0, 0, 53, 0, 11, 5, 69
"c:\Users\代凡\Documents\代码\system\lindorx\include\fs\lx.h", "C++", 0, 0, 0, 0, 166, 0, 101, 29, 296
"c:\Users\代凡\Documents\代码\system\lindorx\include\fs\lxerror.h", "C++", 0, 0, 0, 0, 49, 0, 34, 4, 87
"c:\Users\代凡\Documents\代码\system\lindorx\include\fs\lxmem.h", "C++", 0, 0, 0, 0, 4, 0, 1, 0, 5
"c:\Users\代凡\Documents\代码\system\lindorx\include\fs\lxstack.h", "C++", 0, 0, 0, 0, 4, 0, 1, 0, 5
"c:\Users\代凡\Documents\代码\system\lindorx\include\fs\lxstruct.h", "C++", 0, 0, 0, 0, 160, 0, 20, 16, 196
"c:\Users\代凡\Documents\代码\system\lindorx\include\gdt.h", "C++", 0, 0, 0, 0, 65, 0, 9, 9, 83
"c:\Users\代凡\Documents\代码\system\lindorx\include\gfp.h", "C++", 0, 0, 0, 0, 30, 0, 11, 25, 66
"c:\Users\代凡\Documents\代码\system\lindorx\include\idt.h", "C++", 0, 0, 0, 0, 37, 0, 4, 4, 45
"c:\Users\代凡\Documents\代码\system\lindorx\include\initsi.h", "C++", 0, 0, 0, 0, 27, 0, 8, 10, 45
"c:\Users\代凡\Documents\代码\system\lindorx\include\int.h", "C++", 0, 0, 0, 0, 19, 0, 3, 7, 29
"c:\Users\代凡\Documents\代码\system\lindorx\include\lapic.h", "C++", 0, 0, 0, 0, 2, 0, 0, 1, 3
"c:\Users\代凡\Documents\代码\system\lindorx\include\ldt.h", "C++", 0, 0, 0, 0, 28, 0, 25, 2, 55
"c:\Users\代凡\Documents\代码\system\lindorx\include\macro.h", "C++", 0, 0, 0, 0, 55, 0, 16, 16, 87
"c:\Users\代凡\Documents\代码\system\lindorx\include\malloc.h", "C++", 0, 0, 0, 0, 4, 0, 3, 1, 8
"c:\Users\代凡\Documents\代码\system\lindorx\include\math.h", "C++", 0, 0, 0, 0, 8, 0, 5, 1, 14
"c:\Users\代凡\Documents\代码\system\lindorx\include\mem.h", "C++", 0, 0, 0, 0, 4, 0, 8, 4, 16
"c:\Users\代凡\Documents\代码\system\lindorx\include\memory.h", "C++", 0, 0, 0, 0, 81, 0, 36, 27, 144
"c:\Users\代凡\Documents\代码\system\lindorx\include\mmu.h", "C++", 0, 0, 0, 0, 2, 0, 180, 3, 185
"c:\Users\代凡\Documents\代码\system\lindorx\include\mp.h", "C++", 0, 0, 0, 0, 54, 0, 6, 8, 68
"c:\Users\代凡\Documents\代码\system\lindorx\include\page.h", "C++", 0, 0, 0, 0, 73, 0, 35, 25, 133
"c:\Users\代凡\Documents\代码\system\lindorx\include\panic.h", "C++", 0, 0, 0, 0, 1, 0, 0, 0, 1
"c:\Users\代凡\Documents\代码\system\lindorx\include\proc.h", "C++", 0, 0, 0, 0, 74, 0, 13, 15, 102
"c:\Users\代凡\Documents\代码\system\lindorx\include\program.h", "C++", 0, 0, 0, 0, 2, 0, 1, 0, 3
"c:\Users\代凡\Documents\代码\system\lindorx\include\public.h", "C++", 0, 0, 0, 0, 7, 0, 0, 1, 8
"c:\Users\代凡\Documents\代码\system\lindorx\include\radixTree.h", "C++", 0, 0, 0, 0, 44, 0, 19, 10, 73
"c:\Users\代凡\Documents\代码\system\lindorx\include\radix_tree.h", "C++", 0, 0, 0, 0, 44, 0, 21, 11, 76
"c:\Users\代凡\Documents\代码\system\lindorx\include\spinlock.h", "C++", 0, 0, 0, 0, 16, 0, 9, 4, 29
"c:\Users\代凡\Documents\代码\system\lindorx\include\stack.h", "C++", 0, 0, 0, 0, 12, 0, 8, 0, 20
"c:\Users\代凡\Documents\代码\system\lindorx\include\stdio.h", "C++", 0, 0, 0, 0, 2, 0, 1, 1, 4
"c:\Users\代凡\Documents\代码\system\lindorx\include\stdlib.h", "C++", 0, 0, 0, 0, 2, 0, 1, 0, 3
"c:\Users\代凡\Documents\代码\system\lindorx\include\string.h", "C++", 0, 0, 0, 0, 8, 0, 4, 3, 15
"c:\Users\代凡\Documents\代码\system\lindorx\include\sys_struct.h", "C++", 0, 0, 0, 0, 60, 0, 35, 4, 99
"c:\Users\代凡\Documents\代码\system\lindorx\include\syscall.h", "C++", 0, 0, 0, 0, 2, 0, 1, 1, 4
"c:\Users\代凡\Documents\代码\system\lindorx\include\sysio.h", "C++", 0, 0, 0, 0, 42, 0, 16, 12, 70
"c:\Users\代凡\Documents\代码\system\lindorx\include\task.h", "C++", 0, 0, 0, 0, 44, 0, 11, 13, 68
"c:\Users\代凡\Documents\代码\system\lindorx\include\test.h", "C++", 0, 0, 0, 0, 2, 0, 0, 0, 2
"c:\Users\代凡\Documents\代码\system\lindorx\include\time.h", "C++", 0, 0, 0, 0, 43, 0, 5, 6, 54
"c:\Users\代凡\Documents\代码\system\lindorx\include\traps.h", "C++", 0, 0, 0, 0, 27, 0, 6, 6, 39
"c:\Users\代凡\Documents\代码\system\lindorx\include\tss.h", "C++", 0, 0, 0, 0, 46, 0, 6, 2, 54
"c:\Users\代凡\Documents\代码\system\lindorx\include\type.h", "C++", 0, 0, 0, 0, 13, 0, 0, 4, 17
"c:\Users\代凡\Documents\代码\system\lindorx\include\vadefs.h", "C++", 0, 0, 0, 0, 13, 0, 5, 0, 18
"c:\Users\代凡\Documents\代码\system\lindorx\obj\makefile", "Makefile", 0, 0, 2, 0, 0, 0, 0, 1, 3
"c:\Users\代凡\Documents\代码\system\lindorx\src\file.c", "C", 20, 0, 0, 0, 0, 0, 6, 5, 31
"c:\Users\代凡\Documents\代码\system\lindorx\src\gdt.c", "C", 55, 0, 0, 0, 0, 0, 7, 2, 64
"c:\Users\代凡\Documents\代码\system\lindorx\src\initsi.c", "C", 67, 0, 0, 0, 0, 0, 18, 15, 100
"c:\Users\代凡\Documents\代码\system\lindorx\src\lock.c", "C", 9, 0, 0, 0, 0, 0, 2, 2, 13
"c:\Users\代凡\Documents\代码\system\lindorx\src\main.c", "C", 32, 0, 0, 0, 0, 0, 24, 3, 59
"c:\Users\代凡\Documents\代码\system\lindorx\src\makefile", "Makefile", 0, 0, 11, 0, 0, 0, 2, 7, 20
"c:\Users\代凡\Documents\代码\system\lindorx\src\malloc.c", "C", 55, 0, 0, 0, 0, 0, 67, 9, 131
"c:\Users\代凡\Documents\代码\system\lindorx\src\math.c", "C", 68, 0, 0, 0, 0, 0, 7, 6, 81
"c:\Users\代凡\Documents\代码\system\lindorx\src\memory.c", "C", 271, 0, 0, 0, 0, 0, 103, 30, 404
"c:\Users\代凡\Documents\代码\system\lindorx\src\page.c", "C", 182, 0, 0, 0, 0, 0, 93, 14, 289
"c:\Users\代凡\Documents\代码\system\lindorx\src\panic.c", "C", 8, 0, 0, 0, 0, 0, 0, 0, 8
"c:\Users\代凡\Documents\代码\system\lindorx\src\proc.c", "C", 92, 0, 0, 0, 0, 0, 56, 22, 170
"c:\Users\代凡\Documents\代码\system\lindorx\src\program.c", "C", 21, 0, 0, 0, 0, 0, 12, 2, 35
"c:\Users\代凡\Documents\代码\system\lindorx\src\public.c", "C", 6, 0, 0, 0, 0, 0, 0, 1, 7
"c:\Users\代凡\Documents\代码\system\lindorx\src\radix_tree.c", "C", 236, 0, 0, 0, 0, 0, 13, 10, 259
"c:\Users\代凡\Documents\代码\system\lindorx\src\stack.c", "C", 44, 0, 0, 0, 0, 0, 7, 8, 59
"c:\Users\代凡\Documents\代码\system\lindorx\src\stdio.c", "C", 18, 0, 0, 0, 0, 0, 2, 3, 23
"c:\Users\代凡\Documents\代码\system\lindorx\src\string.c", "C", 64, 0, 0, 0, 0, 0, 6, 3, 73
"c:\Users\代凡\Documents\代码\system\lindorx\src\sysio.c", "C", 318, 0, 0, 0, 0, 0, 52, 14, 384
"c:\Users\代凡\Documents\代码\system\lindorx\src\task.c", "C", 188, 0, 0, 0, 0, 0, 39, 21, 248
"c:\Users\代凡\Documents\代码\system\lindorx\src\time.c", "C", 106, 0, 0, 0, 0, 0, 16, 4, 126
"Total", "-", 4084, 3, 144, 72071, 1788, 41, 1679, 1444, 81254